fecha,habitacion_id,estado
2026-10-08,STD-01,DISPONIBLE
2026-10-08,STD-02,DISPONIBLE
2026-10-08,SUP-01,DISPONIBLE
2026-10-08,PRE-01,DISPONIBLE
2026-10-09,STD-01,DISPONIBLE
2026-10-09,STD-02,DISPONIBLE
2026-10-09,SUP-01,DISPONIBLE
2026-10-09,PRE-01,DISPONIBLE
2026-10-10,STD-01,DISPONIBLE
2026-10-10,STD-02,DISPONIBLE
2026-10-10,SUP-01,DISPONIBLE
2026-10-10,PRE-01,DISPONIBLE
2026-10-11,STD-01,DISPONIBLE
2026-10-11,STD-02,DISPONIBLE
2026-10-11,SUP-01,DISPONIBLE
2026-10-11,PRE-01,DISPONIBLE
2026-10-12,STD-01,DISPONIBLE
2026-10-12,STD-02,DISPONIBLE
2026-10-12,SUP-01,DISPONIBLE
2026-10-12,PRE-01,DISPONIBLE
2026-10-13,STD-01,DISPONIBLE
2026-10-13,STD-02,DISPONIBLE
2026-10-13,SUP-01,DISPONIBLE
2026-10-13,PRE-01,DISPONIBLE
2026-10-14,STD-01,DISPONIBLE
2026-10-14,STD-02,DISPONIBLE
2026-10-14,SUP-01,DISPONIBLE
2026-10-14,PRE-01,DISPONIBLE
2026-10-15,STD-01,DISPONIBLE
2026-10-15,STD-02,DISPONIBLE
2026-10-15,SUP-01,DISPONIBLE
2026-10-15,PRE-01,DISPONIBLE
2026-10-16,STD-01,DISPONIBLE
2026-10-16,STD-02,DISPONIBLE
2026-10-16,SUP-01,DISPONIBLE
2026-10-16,PRE-01,DISPONIBLE
2026-10-17,STD-01,DISPONIBLE
2026-10-17,STD-02,DISPONIBLE
2026-10-17,SUP-01,DISPONIBLE
2026-10-17,PRE-01,DISPONIBLE
2026-10-18,STD-01,DISPONIBLE
2026-10-18,STD-02,DISPONIBLE
2026-10-18,SUP-01,DISPONIBLE
2026-10-18,PRE-01,DISPONIBLE
2026-10-19,STD-01,DISPONIBLE
2026-10-19,STD-02,DISPONIBLE
2026-10-19,SUP-01,DISPONIBLE
2026-10-19,PRE-01,DISPONIBLE
2026-10-20,STD-01,DISPONIBLE
2026-10-20,STD-02,DISPONIBLE
2026-10-20,SUP-01,DISPONIBLE
2026-10-20,PRE-01,DISPONIBLE
2026-10-21,STD-01,DISPONIBLE
2026-10-21,STD-02,DISPONIBLE
2026-10-21,SUP-01,DISPONIBLE
2026-10-21,PRE-01,DISPONIBLE
2026-10-22,STD-01,DISPONIBLE
2026-10-22,STD-02,DISPONIBLE
2026-10-22,SUP-01,DISPONIBLE
2026-10-22,PRE-01,DISPONIBLE
2026-10-23,STD-01,DISPONIBLE
2026-10-23,STD-02,DISPONIBLE
2026-10-23,SUP-01,DISPONIBLE
2026-10-23,PRE-01,DISPONIBLE
2026-10-24,STD-01,DISPONIBLE
2026-10-24,STD-02,DISPONIBLE
2026-10-24,SUP-01,DISPONIBLE
2026-10-24,PRE-01,DISPONIBLE
2026-10-25,STD-01,DISPONIBLE
2026-10-25,STD-02,DISPONIBLE
2026-10-25,SUP-01,DISPONIBLE
2026-10-25,PRE-01,DISPONIBLE
2026-10-26,STD-01,DISPONIBLE
2026-10-26,STD-02,DISPONIBLE
2026-10-26,SUP-01,DISPONIBLE
2026-10-26,PRE-01,DISPONIBLE
2026-10-27,STD-01,DISPONIBLE
2026-10-27,STD-02,DISPONIBLE
2026-10-27,SUP-01,DISPONIBLE
2026-10-27,PRE-01,DISPONIBLE
2026-10-28,STD-01,DISPONIBLE
2026-10-28,STD-02,DISPONIBLE
2026-10-28,SUP-01,DISPONIBLE
2026-10-28,PRE-01,DISPONIBLE
2026-10-29,STD-01,DISPONIBLE
2026-10-29,STD-02,DISPONIBLE
2026-10-29,SUP-01,DISPONIBLE
2026-10-29,PRE-01,DISPONIBLE
2026-10-30,STD-01,DISPONIBLE
2026-10-30,STD-02,DISPONIBLE
2026-10-30,SUP-01,DISPONIBLE
2026-10-30,PRE-01,DISPONIBLE
2026-10-31,STD-01,DISPONIBLE
2026-10-31,STD-02,DISPONIBLE
2026-10-31,SUP-01,DISPONIBLE
2026-10-31,PRE-01,DISPONIBLE
2026-11-01,STD-01,DISPONIBLE
2026-11-01,STD-02,DISPONIBLE
2026-11-01,SUP-01,DISPONIBLE
2026-11-01,PRE-01,DISPONIBLE
2026-11-02,STD-01,DISPONIBLE
2026-11-02,STD-02,DISPONIBLE
2026-11-02,SUP-01,DISPONIBLE
2026-11-02,PRE-01,DISPONIBLE
2026-11-03,STD-01,DISPONIBLE
2026-11-03,STD-02,DISPONIBLE
2026-11-03,SUP-01,DISPONIBLE
2026-11-03,PRE-01,DISPONIBLE
2026-11-04,STD-01,DISPONIBLE
2026-11-04,STD-02,DISPONIBLE
2026-11-04,SUP-01,DISPONIBLE
2026-11-04,PRE-01,DISPONIBLE
2026-11-05,STD-01,DISPONIBLE
2026-11-05,STD-02,DISPONIBLE
2026-11-05,SUP-01,DISPONIBLE
2026-11-05,PRE-01,DISPONIBLE
2026-11-06,STD-01,DISPONIBLE
2026-11-06,STD-02,DISPONIBLE
2026-11-06,SUP-01,DISPONIBLE
2026-11-06,PRE-01,DISPONIBLE
2026-11-07,STD-01,DISPONIBLE
2026-11-07,STD-02,DISPONIBLE
2026-11-07,SUP-01,DISPONIBLE
2026-11-07,PRE-01,DISPONIBLE
2026-11-08,STD-01,DISPONIBLE
2026-11-08,STD-02,DISPONIBLE
2026-11-08,SUP-01,DISPONIBLE
2026-11-08,PRE-01,DISPONIBLE
2026-11-09,STD-01,DISPONIBLE
2026-11-09,STD-02,DISPONIBLE
2026-11-09,SUP-01,DISPONIBLE
2026-11-09,PRE-01,DISPONIBLE
2026-11-10,STD-01,DISPONIBLE
2026-11-10,STD-02,DISPONIBLE
2026-11-10,SUP-01,DISPONIBLE
2026-11-10,PRE-01,DISPONIBLE
2026-11-11,STD-01,DISPONIBLE
2026-11-11,STD-02,DISPONIBLE
2026-11-11,SUP-01,DISPONIBLE
2026-11-11,PRE-01,DISPONIBLE
2026-11-12,STD-01,DISPONIBLE
2026-11-12,STD-02,DISPONIBLE
2026-11-12,SUP-01,DISPONIBLE
2026-11-12,PRE-01,DISPONIBLE
2026-11-13,STD-01,DISPONIBLE
2026-11-13,STD-02,DISPONIBLE
2026-11-13,SUP-01,DISPONIBLE
2026-11-13,PRE-01,DISPONIBLE
2026-11-14,STD-01,DISPONIBLE
2026-11-14,STD-02,DISPONIBLE
2026-11-14,SUP-01,DISPONIBLE
2026-11-14,PRE-01,DISPONIBLE
2026-11-15,STD-01,DISPONIBLE
2026-11-15,STD-02,DISPONIBLE
2026-11-15,SUP-01,DISPONIBLE
2026-11-15,PRE-01,DISPONIBLE
2026-11-16,STD-01,DISPONIBLE
2026-11-16,STD-02,DISPONIBLE
2026-11-16,SUP-01,DISPONIBLE
2026-11-16,PRE-01,DISPONIBLE
2026-11-17,STD-01,DISPONIBLE
2026-11-17,STD-02,DISPONIBLE
2026-11-17,SUP-01,DISPONIBLE
2026-11-17,PRE-01,DISPONIBLE
2026-11-18,STD-01,DISPONIBLE
2026-11-18,STD-02,DISPONIBLE
2026-11-18,SUP-01,DISPONIBLE
2026-11-18,PRE-01,DISPONIBLE
2026-11-19,STD-01,DISPONIBLE
2026-11-19,STD-02,DISPONIBLE
2026-11-19,SUP-01,DISPONIBLE
2026-11-19,PRE-01,DISPONIBLE
2026-11-20,STD-01,DISPONIBLE
2026-11-20,STD-02,DISPONIBLE
2026-11-20,SUP-01,DISPONIBLE
2026-11-20,PRE-01,DISPONIBLE
2026-11-21,STD-01,DISPONIBLE
2026-11-21,STD-02,DISPONIBLE
2026-11-21,SUP-01,DISPONIBLE
2026-11-21,PRE-01,DISPONIBLE
2026-11-22,STD-01,DISPONIBLE
2026-11-22,STD-02,DISPONIBLE
2026-11-22,SUP-01,DISPONIBLE
2026-11-22,PRE-01,DISPONIBLE
2026-11-23,STD-01,DISPONIBLE
2026-11-23,STD-02,DISPONIBLE
2026-11-23,SUP-01,DISPONIBLE
2026-11-23,PRE-01,DISPONIBLE
2026-11-24,STD-01,DISPONIBLE
2026-11-24,STD-02,DISPONIBLE
2026-11-24,SUP-01,DISPONIBLE
2026-11-24,PRE-01,DISPONIBLE
2026-11-25,STD-01,DISPONIBLE
2026-11-25,STD-02,DISPONIBLE
2026-11-25,SUP-01,DISPONIBLE
2026-11-25,PRE-01,DISPONIBLE
2026-11-26,STD-01,DISPONIBLE
2026-11-26,STD-02,DISPONIBLE
2026-11-26,SUP-01,DISPONIBLE
2026-11-26,PRE-01,DISPONIBLE
2026-11-27,STD-01,DISPONIBLE
2026-11-27,STD-02,DISPONIBLE
2026-11-27,SUP-01,DISPONIBLE
2026-11-27,PRE-01,DISPONIBLE
2026-11-28,STD-01,DISPONIBLE
2026-11-28,STD-02,DISPONIBLE
2026-11-28,SUP-01,DISPONIBLE
2026-11-28,PRE-01,DISPONIBLE
2026-11-29,STD-01,DISPONIBLE
2026-11-29,STD-02,DISPONIBLE
2026-11-29,SUP-01,DISPONIBLE
2026-11-29,PRE-01,DISPONIBLE
2026-11-30,STD-01,DISPONIBLE
2026-11-30,STD-02,DISPONIBLE
2026-11-30,SUP-01,DISPONIBLE
2026-11-30,PRE-01,DISPONIBLE
2026-12-01,STD-01,DISPONIBLE
2026-12-01,STD-02,DISPONIBLE
2026-12-01,SUP-01,DISPONIBLE
2026-12-01,PRE-01,DISPONIBLE
2026-12-02,STD-01,DISPONIBLE
2026-12-02,STD-02,DISPONIBLE
2026-12-02,SUP-01,DISPONIBLE
2026-12-02,PRE-01,DISPONIBLE
2026-12-03,STD-01,DISPONIBLE
2026-12-03,STD-02,DISPONIBLE
2026-12-03,SUP-01,DISPONIBLE
2026-12-03,PRE-01,DISPONIBLE
2026-12-04,STD-01,DISPONIBLE
2026-12-04,STD-02,DISPONIBLE
2026-12-04,SUP-01,DISPONIBLE
2026-12-04,PRE-01,DISPONIBLE
2026-12-05,STD-01,DISPONIBLE
2026-12-05,STD-02,DISPONIBLE
2026-12-05,SUP-01,DISPONIBLE
2026-12-05,PRE-01,DISPONIBLE
2026-12-06,STD-01,DISPONIBLE
2026-12-06,STD-02,DISPONIBLE
2026-12-06,SUP-01,DISPONIBLE
2026-12-06,PRE-01,DISPONIBLE
2026-12-07,STD-01,DISPONIBLE
2026-12-07,STD-02,DISPONIBLE
2026-12-07,SUP-01,DISPONIBLE
2026-12-07,PRE-01,DISPONIBLE
2026-12-08,STD-01,DISPONIBLE
2026-12-08,STD-02,DISPONIBLE
2026-12-08,SUP-01,DISPONIBLE
2026-12-08,PRE-01,DISPONIBLE
2026-12-09,STD-01,DISPONIBLE
2026-12-09,STD-02,DISPONIBLE
2026-12-09,SUP-01,DISPONIBLE
2026-12-09,PRE-01,DISPONIBLE
2026-12-10,STD-01,DISPONIBLE
2026-12-10,STD-02,DISPONIBLE
2026-12-10,SUP-01,DISPONIBLE
2026-12-10,PRE-01,DISPONIBLE
2026-12-11,STD-01,DISPONIBLE
2026-12-11,STD-02,DISPONIBLE
2026-12-11,SUP-01,DISPONIBLE
2026-12-11,PRE-01,DISPONIBLE
2026-12-12,STD-01,DISPONIBLE
2026-12-12,STD-02,DISPONIBLE
2026-12-12,SUP-01,DISPONIBLE
2026-12-12,PRE-01,DISPONIBLE
2026-12-13,STD-01,DISPONIBLE
2026-12-13,STD-02,DISPONIBLE
2026-12-13,SUP-01,DISPONIBLE
2026-12-13,PRE-01,DISPONIBLE
2026-12-14,STD-01,DISPONIBLE
2026-12-14,STD-02,DISPONIBLE
2026-12-14,SUP-01,DISPONIBLE
2026-12-14,PRE-01,DISPONIBLE
2026-12-15,STD-01,DISPONIBLE
2026-12-15,STD-02,DISPONIBLE
2026-12-15,SUP-01,DISPONIBLE
2026-12-15,PRE-01,DISPONIBLE
2026-12-16,STD-01,DISPONIBLE
2026-12-16,STD-02,DISPONIBLE
2026-12-16,SUP-01,DISPONIBLE
2026-12-16,PRE-01,DISPONIBLE
2026-12-17,STD-01,DISPONIBLE
2026-12-17,STD-02,DISPONIBLE
2026-12-17,SUP-01,DISPONIBLE
2026-12-17,PRE-01,DISPONIBLE
2026-12-18,STD-01,DISPONIBLE
2026-12-18,STD-02,DISPONIBLE
2026-12-18,SUP-01,DISPONIBLE
2026-12-18,PRE-01,DISPONIBLE
2026-12-19,STD-01,DISPONIBLE
2026-12-19,STD-02,DISPONIBLE
2026-12-19,SUP-01,DISPONIBLE
2026-12-19,PRE-01,DISPONIBLE
2026-12-20,STD-01,DISPONIBLE
2026-12-20,STD-02,DISPONIBLE
2026-12-20,SUP-01,DISPONIBLE
2026-12-20,PRE-01,DISPONIBLE
2026-12-21,STD-01,DISPONIBLE
2026-12-21,STD-02,DISPONIBLE
2026-12-21,SUP-01,DISPONIBLE
2026-12-21,PRE-01,DISPONIBLE
2026-12-22,STD-01,DISPONIBLE
2026-12-22,STD-02,DISPONIBLE
2026-12-22,SUP-01,DISPONIBLE
2026-12-22,PRE-01,DISPONIBLE
2026-12-23,STD-01,DISPONIBLE
2026-12-23,STD-02,DISPONIBLE
2026-12-23,SUP-01,DISPONIBLE
2026-12-23,PRE-01,DISPONIBLE
2026-12-24,STD-01,DISPONIBLE
2026-12-24,STD-02,DISPONIBLE
2026-12-24,SUP-01,DISPONIBLE
2026-12-24,PRE-01,DISPONIBLE
2026-12-25,STD-01,DISPONIBLE
2026-12-25,STD-02,DISPONIBLE
2026-12-25,SUP-01,DISPONIBLE
2026-12-25,PRE-01,DISPONIBLE
2026-12-26,STD-01,DISPONIBLE
2026-12-26,STD-02,DISPONIBLE
2026-12-26,SUP-01,DISPONIBLE
2026-12-26,PRE-01,DISPONIBLE
2026-12-27,STD-01,DISPONIBLE
2026-12-27,STD-02,DISPONIBLE
2026-12-27,SUP-01,DISPONIBLE
2026-12-27,PRE-01,DISPONIBLE
2026-12-28,STD-01,DISPONIBLE
2026-12-28,STD-02,DISPONIBLE
2026-12-28,SUP-01,DISPONIBLE
2026-12-28,PRE-01,DISPONIBLE
2026-12-29,STD-01,DISPONIBLE
2026-12-29,STD-02,DISPONIBLE
2026-12-29,SUP-01,DISPONIBLE
2026-12-29,PRE-01,DISPONIBLE
2026-12-30,STD-01,DISPONIBLE
2026-12-30,STD-02,DISPONIBLE
2026-12-30,SUP-01,DISPONIBLE
2026-12-30,PRE-01,DISPONIBLE
2026-12-31,STD-01,DISPONIBLE
2026-12-31,STD-02,DISPONIBLE
2026-12-31,SUP-01,DISPONIBLE
2026-12-31,PRE-01,DISPONIBLE
2027-01-01,STD-01,DISPONIBLE
2027-01-01,STD-02,DISPONIBLE
2027-01-01,SUP-01,DISPONIBLE
2027-01-01,PRE-01,DISPONIBLE
2027-01-02,STD-01,DISPONIBLE
2027-01-02,STD-02,DISPONIBLE
2027-01-02,SUP-01,DISPONIBLE
2027-01-02,PRE-01,DISPONIBLE
2027-01-03,STD-01,DISPONIBLE
2027-01-03,STD-02,DISPONIBLE
2027-01-03,SUP-01,DISPONIBLE
2027-01-03,PRE-01,DISPONIBLE
2027-01-04,STD-01,DISPONIBLE
2027-01-04,STD-02,DISPONIBLE
2027-01-04,SUP-01,DISPONIBLE
2027-01-04,PRE-01,DISPONIBLE
2027-01-05,STD-01,DISPONIBLE
2027-01-05,STD-02,DISPONIBLE
2027-01-05,SUP-01,DISPONIBLE
2027-01-05,PRE-01,DISPONIBLE